filename,alt_text,image_title,category,width_px,height_px
01-cinematic-luxury-perfume-bottle-night.webp,Luxury perfume bottle in a cinematic dark setting with warm glowing highlights,Luxury perfume bottle in a cinematic dark setting with warm glowing highlights,perfume,1086,1448
02-gold-crowned-luxury-perfume-bottle.webp,Elegant gold luxury perfume bottle photographed on a dark premium background,Elegant gold luxury perfume bottle photographed on a dark premium background,perfume,1254,1254
03-ruby-red-perfume-bottle-with-blossoms.webp,Ruby red perfume bottle styled beside delicate blossoms in a luxury interior,Ruby red perfume bottle styled beside delicate blossoms in a luxury interior,perfume,1254,1254
04-black-gold-perfume-bottles-water-splash.webp,Black and gold luxury perfume bottles surrounded by a dramatic water splash,Black and gold luxury perfume bottles surrounded by a dramatic water splash,perfume,1254,1254
05-citrus-pineapple-luxury-perfume-display.webp,Luxury perfume bottle displayed with fresh citrus and pineapple-inspired elements,Luxury perfume bottle displayed with fresh citrus and pineapple-inspired elements,perfume,1254,1254
06-pastel-skincare-bottles-clean-beauty-display.webp,Pastel skincare bottles arranged on a clean glass shelf against a bright background,Pastel skincare bottles arranged on a clean glass shelf against a bright background,skincare,1254,1254
07-amber-skincare-dropper-serum-still-life.webp,Amber skincare serum bottle with dropper in a premium beauty still life,Amber skincare serum bottle with dropper in a premium beauty still life,skincare,1254,1254
08-gold-black-perfume-bottles-dynamic-splash.webp,Gold and black perfume bottles captured with a high-impact liquid splash,Gold and black perfume bottles captured with a high-impact liquid splash,perfume,1254,1254
09-lavender-vanilla-floral-perfume-still-life.webp,Soft pink perfume bottle styled with vanilla and delicate white flowers,Soft pink perfume bottle styled with vanilla and delicate white flowers,perfume,1254,1254
10-amber-glow-beauty-skincare-collection.webp,Amber-toned beauty and skincare collection photographed in warm editorial lighting,Amber-toned beauty and skincare collection photographed in warm editorial lighting,skincare,1254,1254
11-four-gradient-luxury-perfume-bottles.webp,"Four elegant perfume bottles in warm, blue, pink and clear gradient tones","Four elegant perfume bottles in warm, blue, pink and clear gradient tones",perfume,1448,1086
12-mens-fashion-shearling-coat-leather-bag.webp,Male fashion model in a shearling coat carrying a large black leather bag,Male fashion model in a shearling coat carrying a large black leather bag,fashion,1122,1402
13-pink-perfume-white-iris-flowers.webp,Elegant pink perfume bottle surrounded by soft white iris flowers,Elegant pink perfume bottle surrounded by soft white iris flowers,perfume,1254,1254
14-brown-leather-chain-hobo-handbag.webp,Brown leather hobo handbag with gold chain hardware on a dark studio background,Brown leather hobo handbag with gold chain hardware on a dark studio background,handbag,1254,1254
15-black-street-style-luxury-handbag.webp,Woman in a black street-style outfit carrying a structured black luxury handbag,Woman in a black street-style outfit carrying a structured black luxury handbag,fashion,1122,1402
16-mens-brown-leather-jacket-fashion-portrait.webp,Editorial portrait of a man wearing a brown leather jacket in moody studio light,Editorial portrait of a man wearing a brown leather jacket in moody studio light,fashion,1122,1402
17-pink-gold-quilted-makeup-compact.webp,Elegant pink and gold quilted makeup compact photographed on a clean background,Elegant pink and gold quilted makeup compact photographed on a clean background,beauty,1122,1402
18-rose-crystal-perfume-bottle-closeup.webp,Rose-toned crystal perfume bottle in a polished luxury close-up composition,Rose-toned crystal perfume bottle in a polished luxury close-up composition,perfume,1254,1254
19-lavender-bloom-floral-perfume-display.webp,Pink perfume bottle styled with white floral blooms and soft lavender tones,Pink perfume bottle styled with white floral blooms and soft lavender tones,perfume,1254,1254
20-ruffled-skirt-fashion-model-handbag.webp,Fashion model wearing a layered black ruffled skirt and carrying a brown handbag,Fashion model wearing a layered black ruffled skirt and carrying a brown handbag,fashion,1122,1402
21-premium-black-leather-belt-silver-buckle.webp,Premium black leather belt with polished silver buckle on a black background,Premium black leather belt with polished silver buckle on a black background,accessories,1254,1254
22-gold-rhinestone-pointed-mule-heels.webp,Gold pointed mule heels with rhinestone straps in a luxury product setup,Gold pointed mule heels with rhinestone straps in a luxury product setup,footwear,1086,1448
23-black-crocodile-texture-top-handle-handbag.webp,Black crocodile-texture top handle handbag with gold hardware in a luxury close-up,Black crocodile-texture top handle handbag with gold hardware in a luxury close-up,handbag,1122,1402
24-monochrome-black-white-runway-fashion.webp,High-fashion runway model in a monochrome black and white statement look,High-fashion runway model in a monochrome black and white statement look,fashion,1024,1536
25-black-quilted-handbags-floral-celebration.webp,Black quilted handbags styled with sparkling drink glasses and soft pink flowers,Black quilted handbags styled with sparkling drink glasses and soft pink flowers,handbag,1672,941
26-luxury-handbag-boutique-display.webp,Collection of premium handbags displayed inside an elegant luxury boutique,Collection of premium handbags displayed inside an elegant luxury boutique,handbag,1672,941
27-modern-wine-spirits-retail-showroom.webp,Modern premium wine and spirits showroom with curved displays and warm lighting,Modern premium wine and spirits showroom with curved displays and warm lighting,retail,1536,1024
28-luxury-duty-free-shopping-corridor.webp,Wide luxury duty-free retail corridor with beauty and premium product displays,Wide luxury duty-free retail corridor with beauty and premium product displays,retail,1536,1024
29-futuristic-duty-free-retail-interior.webp,Futuristic duty-free retail interior with glossy floors and premium displays,Futuristic duty-free retail interior with glossy floors and premium displays,retail,1512,1040
30-white-tweed-runway-fashion-look.webp,Runway model wearing an elegant white tweed jacket and skirt set,Runway model wearing an elegant white tweed jacket and skirt set,fashion,1024,1536
31-luxury-sparkling-wine-bottle-golden-bokeh.webp,Dark sparkling wine bottle photographed against a rich golden bokeh background,Dark sparkling wine bottle photographed against a rich golden bokeh background,beverage,1586,992
32-emerald-gemstone-watch-dial-macro.webp,Macro view of an ornate watch dial accented with rectangular green gemstones,Macro view of an ornate watch dial accented with rectangular green gemstones,watch,1254,1254
33-premium-dark-wine-bottle-gold-label.webp,Premium dark wine bottle with an elegant blank gold-accented label,Premium dark wine bottle with an elegant blank gold-accented label,beverage,1448,1086
34-burgundy-capped-premium-wine-bottles.webp,Four premium dark wine bottles with burgundy caps and clean blank labels,Four premium dark wine bottles with burgundy caps and clean blank labels,beverage,1086,1448
35-mechanical-watch-movement-closeup.webp,Ultra-detailed close-up of a precision mechanical watch movement and rotor,Ultra-detailed close-up of a precision mechanical watch movement and rotor,watch,1254,1254
36-luxury-sparkling-wine-bottle-gift-box.webp,Premium sparkling wine bottle with matching black gift box in a boutique display,Premium sparkling wine bottle with matching black gift box in a boutique display,beverage,1024,1536
37-opulent-modern-jewelry-retail-hall.webp,Opulent modern jewelry retail hall with gold accents and illuminated display counters,Opulent modern jewelry retail hall with gold accents and illuminated display counters,retail,1672,941
38-warm-lit-premium-spirits-backbar.webp,Warmly lit premium spirits bottle collection arranged across a luxury backbar,Warmly lit premium spirits bottle collection arranged across a luxury backbar,beverage,1672,941
39-colorful-premium-spirits-bottle-lineup.webp,Colorful lineup of premium spirits bottles isolated on a bright clean background,Colorful lineup of premium spirits bottles isolated on a bright clean background,beverage,1536,1024
40-icy-blue-luxury-watch-on-rock.webp,Silver luxury wristwatch with an icy blue dial resting on a textured rock,Silver luxury wristwatch with an icy blue dial resting on a textured rock,watch,1536,1024
41-mediterranean-turquoise-statement-necklace.webp,Turquoise and gold statement necklace worn against a warm coastal setting,Turquoise and gold statement necklace worn against a warm coastal setting,jewelry,1448,1086
42-sculptural-diamond-brooch-black-lapel.webp,Sculptural silver and diamond brooch pinned to a sharp black tailored lapel,Sculptural silver and diamond brooch pinned to a sharp black tailored lapel,jewelry,1122,1402
43-blue-sapphire-necklace-ring-jewelry-portrait.webp,Woman wearing a blue sapphire statement necklace and matching ring near the sea,Woman wearing a blue sapphire statement necklace and matching ring near the sea,jewelry,1448,1086
44-emerald-sapphire-diamond-necklace-portrait.webp,Opulent emerald sapphire and diamond necklace with matching earrings and ring,Opulent emerald sapphire and diamond necklace with matching earrings and ring,jewelry,1254,1254
45-aquamarine-sapphire-diamond-drop-earrings.webp,"Symmetrical aquamarine, sapphire and diamond drop earrings on a neutral background","Symmetrical aquamarine, sapphire and diamond drop earrings on a neutral background",jewelry,1254,1254
46-art-deco-diamond-necklace-architectural-backdrop.webp,Art deco inspired diamond necklace displayed over a monochrome architectural backdrop,Art deco inspired diamond necklace displayed over a monochrome architectural backdrop,jewelry,1448,1086
47-vintage-watchmaking-tools-flat-lay.webp,Vintage wristwatch and watchmaking accessories arranged on a warm wooden surface,Vintage wristwatch and watchmaking accessories arranged on a warm wooden surface,watch,1536,1024
48-watch-collection-marble-desk-workspace.webp,Curated wristwatch collection arranged on a marble desk with notebook and laptop,Curated wristwatch collection arranged on a marble desk with notebook and laptop,watch,1536,1024
49-luxury-wristwatch-collection-leather-wood.webp,Collection of luxury wristwatches arranged on black leather and dark wood,Collection of luxury wristwatches arranged on black leather and dark wood,watch,1448,1086
